<?xml version="1.0"?>
<!DOCTYPE it_company SYSTEM "catalog_17030953.dtd">
<?xml-stylesheet type="text/css" href="catalog_17030953.css" ?>
<it_company>
  <detail>
    <name>Lishalan</name>
    <c_address>Amarpath, Butwal, Nepal</c_address>
    <t_number>542642</t_number>
    <url>https://lishalan.com.np</url>
    <logo/>
  </detail>
  <ceo>
    <ceo_details>
      <ceo_name>Saroj PD Bhari</ceo_name>
      <ceo_address>Samakhushi,Kathmandu</ceo_address>
      <ceo_phone>9857036642</ceo_phone>
    </ceo_details>
    <project_manager>
      <pm_details>
        <pm_name>Lalita Bhari</pm_name>
        <pm_address>Samakhushi,Kathmandu</pm_address>
        <pm_phone>9847058612</pm_phone>
      </pm_details>
      <mobile>
        <dep1 dep_ID="m01">
          <d_name1>Mobile Department</d_name1>
          <person_details1>
            <Person ID="p01" sex="male">
              <first>Donald</first>
              <last>Bradman</last>
              <address>
                <city>Kathmandu</city>
                <street>New Baneshor</street>
                <phone>9898989898</phone>
                <email/>
              </address>
              <Salary>10000</Salary>
            </Person>
            <Person ID="p02" sex="male">
              <first>Sachin</first>
              <last>Tendicluar</last>
              <address>
                <city>Kathmandu</city>
                <street>Koteshor</street>
                <phone>9878778878</phone>
                <email/>
              </address>
              <Salary>15000</Salary>
            </Person>
            <Person ID="p03" sex="female">
              <first>Anna</first>
              <last>Sharma</last>
              <address>
                <city>Kathmandu</city>
                <street>Samakhushi</street>
                <phone>9810101010</phone>
                <email>annasharma@gmail.com</email>
              </address>
              <Salary>19000</Salary>
            </Person>
          </person_details1>
        </dep1>
      </mobile>
      <web>
        <dep2 dep_ID="w01">
          <d_name2>Web Department</d_name2>
          <person_details2>
            <Person ID="p04" sex="male">
              <first>Lishal</first>
              <last>Bhari</last>
              <address>
                <city>Kathmandu</city>
                <street>Samakhhushi</street>
                <phone>9811554477</phone>
                <email>lishal@gmail.com</email>
              </address>
              <Salary>18000</Salary>
            </Person>
            <Person ID="p05" sex="male">
              <first>Everest</first>
              <last>Ramjali</last>
              <address>
                <city>Butwal</city>
                <street>Tinkune</street>
                <phone>9851044556</phone>
                <email>mteverest@gmail.com</email>
              </address>
              <Salary>16000</Salary>
            </Person>
            <Person ID="p06" sex="female">
              <first>Tripti</first>
              <last>Ramjali</last>
              <address>
                <city>Butwal</city>
                <street>Amarpath</street>
                <phone>9801234567</phone>
                <email/>
              </address>
              <Salary>16500</Salary>
            </Person>
          </person_details2>
        </dep2>
      </web>
    </project_manager>
    <resDep>
      <dep3 dep_ID="r01">
        <d_name3>Research and Development Department</d_name3>
        <person_details3>
          <Person ID="p07" sex="male">
            <first>Aagya</first>
            <last>Magar</last>
            <address>
              <city>Butwal</city>
              <street>Milanchowk</street>
              <phone>986722220</phone>
              <email>aagyamagar@gmail.com</email>
            </address>
            <Salary>12500</Salary>
          </Person>
          <Person ID="p08" sex="male">
            <first>Mausam</first>
            <last>Malla</last>
            <address>
              <city>Butwal</city>
              <street>Kalikanagar</street>
              <phone>9856123256</phone>
              <email/>
            </address>
            <Salary>11500</Salary>
          </Person>
          <Person ID="p09" sex="female">
            <first>Bidhya</first>
            <last>Bhandari</last>
            <address>
              <city>Kathmandu</city>
              <street>Lazimpat</street>
              <phone>9811478965</phone>
              <email/>
            </address>
            <Salary>10500</Salary>
          </Person>
        </person_details3>
      </dep3>
    </resDep>
    <marketing>
      <dep4 dep_ID="mk01">
        <d_name4>Marketing Department</d_name4>
        <person_details4>
          <Person ID="p10" sex="male">
            <first>Deepak</first>
            <last>Shrestha</last>
            <address>
              <city>Pokhara</city>
              <street>chipledhunga</street>
              <phone>9834569875</phone>
              <email>deepu@gmail.com</email>
            </address>
            <Salary>9500</Salary>
          </Person>
          <Person ID="p11" sex="male">
            <first>Sobin</first>
            <last>Shrestha</last>
            <address>
              <city>Pokhara</city>
              <street>Tersapatti</street>
              <phone>9852345872</phone>
              <email>sobin@gmail.com</email>
            </address>
            <Salary>9800</Salary>
          </Person>
          <Person ID="p12" sex="female">
            <first>Samragee</first>
            <last>Saha</last>
            <address>
              <city>Pokhara</city>
              <street>Bagar</street>
              <phone>9801789563</phone>
              <email/>
            </address>
            <Salary>9700</Salary>
          </Person>
        </person_details4>
      </dep4>
    </marketing>
    <human>
      <dep5 dep_ID="h01">
        <d_name5>Human Resource Department</d_name5>
        <person_details5>
          <Person ID="p13" sex="male">
            <first>Rohit</first>
            <last>Shakya</last>
            <address>
              <city>Kathmandu</city>
              <street>Tripureshor</street>
              <phone>9845612398</phone>
              <email>areek@gmail.com</email>
            </address>
            <Salary>10000</Salary>
          </Person>
          <Person ID="p14" sex="male">
            <first>Sabin</first>
            <last>Shrestha</last>
            <address>
              <city>Kathmandu</city>
              <street>Kalanki</street>
              <phone>9845123569</phone>
              <email>sabin@gmail.com</email>
            </address>
            <Salary>8100</Salary>
          </Person>
          <Person ID="p15" sex="male">
            <first>Ramit</first>
            <last>Bhari</last>
            <address>
              <city>Kathmandu</city>
              <street>Samakhushi</street>
              <phone>9851100000</phone>
              <email/>
            </address>
            <Salary>10500</Salary>
          </Person>
        </person_details5>
      </dep5>
    </human>
  </ceo>
</it_company>
